Item,Image,Stock,Price
CEREALMOND Cookies & Cream - Malt Flake With White Chocolate And Cookies Bits 18g x 24,https://assets.jimatbiz.com/products/prd/c95025a1-cbc6-4c32-987c-92dce8a5a535,24,RM36.00
CEREALMOND Malt Flake Almond Chocolate 18g x 24,https://assets.jimatbiz.com/products/prd/788701cd-5e8d-4d79-9ab6-1fc2967ac718,24,RM36.00
CEREALMOND Malt Flake Hazelnut Milk Chocolate 18g x 24,https://assets.jimatbiz.com/products/prd/7defebb2-62ab-4d2d-8c3d-9884fa864b26,24,RM36.00
CEREALMOND Matcha - Malt Flake With Matcha Powder And White Chocolate 18g x 24,https://assets.jimatbiz.com/products/prd/7f37e9ec-7be9-4a12-b7f1-c73ede66d587,24,RM36.00
EUROCAKE Homestyle Muffin Chocolate Chips (60g x 48),https://assets.jimatbiz.com/products/prd/0deb50b4-d9b8-48ed-8010-be8494e8fc25,48,RM116.16
EUROCAKE Homestyle Muffin Double Chocolate (60g x 48),https://assets.jimatbiz.com/products/prd/1e93a85a-4f06-4fd6-b099-8487f56d3332,48,RM116.16
EUROCAKE Jumbo Croissant Butter (50g x 72),https://assets.jimatbiz.com/products/prd/c2481739-a9b6-40ed-9de8-4394ef9264fd,72,RM102.96
EUROCAKE Jumbo Croissant Custard (60g x 72),https://assets.jimatbiz.com/products/prd/6b68e0cd-43f3-4f4b-a328-73441f095fb3,72,RM102.96
EUROCAKE Jumbo Croissant Honey (60g x 72),https://assets.jimatbiz.com/products/prd/ed40f0db-c014-4cd9-a453-bb466e494f7e,72,RM102.96
NESTUM 3 in 1 Chocolate (28g x 15’s) x 24,https://assets.jimatbiz.com/products/prd/220a72b6-0544-4e20-965b-175c3142eebd,24,RM257.80
NESTUM 3 in 1 Honey (28g x 15’s) x 24,https://assets.jimatbiz.com/products/prd/bb8c911c-ffbf-4264-b7a3-f9227ea07e8a,24,RM257.80
NESTUM 3 in 1 Original (28g x 15) x 24,https://assets.jimatbiz.com/products/prd/25c69b81-e927-4c31-8a56-265ab6cff615,24,RM257.80
SO Pure Honey (500g x 24),https://assets.jimatbiz.com/products/prd/2aabfa28-def2-4397-b270-ac1957548fdf,24,RM168.00
HONEY STARS Cereal (18 x 300g),https://assets.jimatbiz.com/products/prd/054b3cac-70f2-498b-8481-6cfef050e5e0,18,RM182.70
KOKO KRUNCH Cereal (18 x 330g),https://assets.jimatbiz.com/products/prd/807d2113-1fd3-4d2d-ad93-d30e718543be,18,RM182.70
KOKO KRUNCH Cereal 18 x 330g,https://assets.jimatbiz.com/products/prd/ecb248d9-5fd6-4d97-bf56-d13e99084991,18,RM192.06
MILO Cereal (18 x 330g),https://assets.jimatbiz.com/products/prd/1acfb4e8-c165-44d9-82a9-8c95e9e062a0,18,RM182.70
LECKER Spread - Chocolate (200g x 12),https://assets.jimatbiz.com/products/prd/399ea35e-b23f-446e-919f-f3ad5e5e24c7,12,RM84.11
LECKER Spread - Hazelnut & Chocolate (200g x 12),https://assets.jimatbiz.com/products/prd/215ee394-27f7-40a2-a13f-445e8567ed36,12,RM99.79
LECKER Spread - Hazelnut & Chocolate (375g x 12),https://assets.jimatbiz.com/products/prd/8cc42398-dc20-4f0b-80e0-62c37bba4e18,12,RM171.07
LECKER Spread - Matcha (200g x 12),https://assets.jimatbiz.com/products/prd/5d305365-d3dd-41a3-8735-d7d3f4d410cf,12,RM156.82
LECKER Spread - Salted Caramel (200g x 12),https://assets.jimatbiz.com/products/prd/e28d1852-6fe5-4c4b-8f37-9f96c159650d,12,RM99.79
MASTURA Honey Plus (265ml x 12),https://assets.jimatbiz.com/products/prd/4beaa358-a12d-4af4-983b-afc7bb0e3ee8,12,RM94.20
MELLIFERA Honey Bear - Honey Stick (7g x 100),https://assets.jimatbiz.com/products/prd/328e8241-9f27-4c1c-91e1-574d27193f97,100,RM80.00
COOKIE CRISP Cereal (330g x 18),https://assets.jimatbiz.com/products/prd/1d0eb79d-8d55-4a6e-8142-89b5767abff3,18,RM170.11
FITNESS CHOC Cereal Bar (23.5g x 16) x 12,https://assets.jimatbiz.com/products/prd/c9e97579-e365-4fd9-b157-7b4389611eca,192,RM359.04
FITNESSE Cereal (330g x 18),https://assets.jimatbiz.com/products/prd/4ece48a2-6307-4291-a249-f78fa3270a21,18,RM221.40
FITNESSE Cereal (375g x 18),https://assets.jimatbiz.com/products/prd/e7be20ad-954d-4ea6-8520-bf0716c043d0,18,RM221.40
FITNESSE & FRUIT Cereal (450g x 18),https://assets.jimatbiz.com/products/prd/312aec1e-b4eb-4a76-acd9-f3bb750298bd,18,RM247.68
FITNESSE Honey & Almond Cereal (390g x 18),https://assets.jimatbiz.com/products/prd/9b43f9ab-e1dc-44eb-bc0d-c26df72274e2,18,RM247.68
FITNESS Granola Cranberry (300g x 14),https://assets.jimatbiz.com/products/prd/d05e658b-b6a3-4203-8c16-fe820104ced2,14,RM172.00
FITNESS Granola Honey Cereal (300g x 14),https://assets.jimatbiz.com/products/prd/a4e15b33-af9d-499c-a650-eaeaef55eae4,14,RM192.04
FITNESS STRAWBERRY Cereal Bar (23.5g x 16) x 12,https://assets.jimatbiz.com/products/prd/7936cc61-9e63-4b2e-b509-7edb74e0a720,192,RM359.04
HONEY GOLD Cereal (220g x 18),https://assets.jimatbiz.com/products/prd/8da841c3-1cb7-416a-a7b2-508650f20f63,18,RM117.00
HONEY GOLD Cereal (370g x 18),https://assets.jimatbiz.com/products/prd/dab23bf1-59c2-4b3c-b706-62eaa71a94c4,18,RM175.00
HONEY STARS Cereal (150g x 18),https://assets.jimatbiz.com/products/prd/e884b07b-6244-4f56-84b8-5603075efcbc,18,RM115.56
HONEY STARS Cereal (300g x 18),https://assets.jimatbiz.com/products/prd/3aaf5229-30a0-4ac2-92dd-7e6b369c366b,18,RM194.22
HONEY STARS Cereal (500g x 12),https://assets.jimatbiz.com/products/prd/3f9a07ad-aa43-48ae-a775-42ea5ea061d5,12,RM176.04
HONEY STARS Cereal (80g x 24),https://assets.jimatbiz.com/products/prd/812ecdbb-9063-43d6-8f47-c91dd0198ad6,24,RM56.40
KOKO KRUNCH Cereal (170g x 18),https://assets.jimatbiz.com/products/prd/905d3e74-45c1-4ae2-83ce-3901d006027d,18,RM115.56
LECKER Spread - Matcha (200g x 12),https://assets.jimatbiz.com/products/prd/5d305365-d3dd-41a3-8735-d7d3f4d410cf,12,RM156.82
LECKER Spread - Salted Caramel (200g x 12),https://assets.jimatbiz.com/products/prd/e28d1852-6fe5-4c4b-8f37-9f96c159650d,12,RM99.79
MASTURA Honey Plus (265ml x 12),https://assets.jimatbiz.com/products/prd/4beaa358-a12d-4af4-983b-afc7bb0e3ee8,12,RM94.20
MELLIFERA Honey Bear - Honey Stick (7g x 100),https://assets.jimatbiz.com/products/prd/328e8241-9f27-4c1c-91e1-574d27193f97,100,RM80.00
COOKIE CRISP Cereal (330g x 18),https://assets.jimatbiz.com/products/prd/1d0eb79d-8d55-4a6e-8142-89b5767abff3,18,RM170.11
FITNESS CHOC Cereal Bar (23.5g x 16) x 12,https://assets.jimatbiz.com/products/prd/c9e97579-e365-4fd9-b157-7b4389611eca,192,RM359.04
FITNESSE Cereal (330g x 18),https://assets.jimatbiz.com/products/prd/4ece48a2-6307-4291-a249-f78fa3270a21,18,RM221.40
FITNESSE Cereal (375g x 18),https://assets.jimatbiz.com/products/prd/e7be20ad-954d-4ea6-8520-bf0716c043d0,18,RM221.40
FITNESSE & FRUIT Cereal (450g x 18),https://assets.jimatbiz.com/products/prd/312aec1e-b4eb-4a76-acd9-f3bb750298bd,18,RM247.68
FITNESSE Honey & Almond Cereal (390g x 18),https://assets.jimatbiz.com/products/prd/9b43f9ab-e1dc-44eb-bc0d-c26df72274e2,18,RM247.68
FITNESS Granola Cranberry (300g x 14),https://assets.jimatbiz.com/products/prd/d05e658b-b6a3-4203-8c16-fe820104ced2,14,RM172.00
FITNESS Granola Honey Cereal (300g x 14),https://assets.jimatbiz.com/products/prd/a4e15b33-af9d-499c-a650-eaeaef55eae4,14,RM192.04
FITNESS STRAWBERRY Cereal Bar (23.5g x 16) x 12,https://assets.jimatbiz.com/products/prd/7936cc61-9e63-4b2e-b509-7edb74e0a720,192,RM359.04
HONEY GOLD Cereal (220g x 18),https://assets.jimatbiz.com/products/prd/8da841c3-1cb7-416a-a7b2-508650f20f63,18,RM117.00
HONEY GOLD Cereal (370g x 18),https://assets.jimatbiz.com/products/prd/dab23bf1-59c2-4b3c-b706-62eaa71a94c4,18,RM175.00
HONEY STARS Cereal (150g x 18),https://assets.jimatbiz.com/products/prd/e884b07b-6244-4f56-84b8-5603075efcbc,18,RM115.56
HONEY STARS Cereal (300g x 18),https://assets.jimatbiz.com/products/prd/3aaf5229-30a0-4ac2-92dd-7e6b369c366b,18,RM194.22
HONEY STARS Cereal (500g x 12),https://assets.jimatbiz.com/products/prd/3f9a07ad-aa43-48ae-a775-42ea5ea061d5,12,RM176.04
HONEY STARS Cereal (80g x 24),https://assets.jimatbiz.com/products/prd/812ecdbb-9063-43d6-8f47-c91dd0198ad6,24,RM56.40
KOKO KRUNCH Cereal (170g x 18),https://assets.jimatbiz.com/products/prd/905d3e74-45c1-4ae2-83ce-3901d006027d,18,RM115.56
KOKO KRUNCH Cereal (330g x 18),https://assets.jimatbiz.com/products/prd/3249fd71-fa38-4ce6-8f9b-9074a2685544,18,RM192.06
KOKO KRUNCH Cereal (500g x 10),https://assets.jimatbiz.com/products/prd/c79b1b77-af2f-4dad-b944-6cf17dd13c6c,12,RM176.04
KOKO KRUNCH Cereal (80g x 24),https://assets.jimatbiz.com/products/prd/a73b0456-b400-49ff-aa53-88f1aae0d8f7,24,RM56.40
KOKO KRUNCH Cereal Bar (25g x 24) x 6,https://assets.jimatbiz.com/products/prd/45002f64-7e5a-4970-809e-dbe589904f86,144,RM269.28
KOKO KRUNCH Cereal Bar (25g x 4) x 8,https://assets.jimatbiz.com/products/prd/e223bc58-caab-41c9-a122-4e9b090814d5,8,RM56.40
KOKO KRUNCH DUO Cereal (170g x 18),https://assets.jimatbiz.com/products/prd/52671a9b-255a-4a6e-b430-96539cbbec85,18,RM115.56
KOKO KRUNCH DUO Cereal (330g x 18),https://assets.jimatbiz.com/products/prd/cefe194d-7fa1-4f7e-a4de-d18ac3d28b6e,18,RM210.24
KOKO KRUNCH MP (25g x 6) x 20,https://assets.jimatbiz.com/products/prd/6d0757fe-da92-40bb-bdd8-c0e4661062ab,20,RM166.00
KOKO KRUNCH MP (30g x 20) x 8,https://assets.jimatbiz.com/products/prd/dfa0ed9f-2186-4e98-a84f-fd18a5913a9c,160,RM128.00
MILO Cereal (170g x 18),https://assets.jimatbiz.com/products/prd/6d678982-1bbc-44b1-b8e0-145f6ed3e6e1,18,RM115.56
MILO Cereal (330g x 18),https://assets.jimatbiz.com/products/prd/c2ae1de3-a49b-4273-94cb-29f12a22b3e7,18,RM185.76
MILO Cereal (500g x 12),https://assets.jimatbiz.com/products/prd/2499b8fa-94cb-4085-a72f-c06777782790,12,RM176.04
MILO Cereal (80g x 24),https://assets.jimatbiz.com/products/prd/1f6e989f-e999-4624-a98c-7b5923dcc617,24,RM56.40
MILO Cereal Bar Dsp (23.5g x 24) x 6,https://assets.jimatbiz.com/products/prd/3c86aacd-dd7f-47eb-a91f-e0b52afce895,144,RM269.28
NESTLE CORN FLAKES Cereal (150g x 18),https://assets.jimatbiz.com/products/prd/d86b3424-bac7-4825-a4a7-8d40c2dda156,18,RM81.72
NESTLE CORN FLAKES Cereal (275g x 18),https://assets.jimatbiz.com/products/prd/e44b4ebc-c4f8-4ee0-ad5c-12aab282b7b5,18,RM126.36
NESTLE KOKO KRUNCH Maxx (250g x 16),https://assets.jimatbiz.com/products/prd/3c74bde8-5e4d-4486-933d-40397c549c80,16,RM178.88
NESTLE School Pack Cereal (140g x 20),https://assets.jimatbiz.com/products/prd/0c216883-1f16-49b8-9807-8a0eb71b117c,20,RM166.00
NESTUM 3in1 Brown Rice (27g x 10) x 10,https://assets.jimatbiz.com/products/prd/103383d4-1df9-4518-b538-5f81d64ea6ee,10,RM111.90
NESTUM 3in1 Chocolate (28g x 15) x 24,https://assets.jimatbiz.com/products/prd/aeddc72c-7a53-4ce1-9bbb-6e394b6ced49,24,RM268.50
NESTUM 3in1 Dates & Prunes (27g x 10) x 12,https://assets.jimatbiz.com/products/prd/d1a3860e-c8f4-4bff-b2e5-8e92a4dbe97d,12,RM134.30
NESTUM 3in1 Honey (28g x 15) x 24,https://assets.jimatbiz.com/products/prd/774f1663-f33c-4b82-b9e5-0684e253062a,24,RM268.50
NESTUM 3in1 Oats (30g x 15) x 24,https://assets.jimatbiz.com/products/prd/12fa32d7-8aaf-4678-9ba9-2f930f1bfe35,24,RM268.50
NESTUM 3in1 Oats (30g x 8) x 24,https://assets.jimatbiz.com/products/prd/46cc3fbf-b71e-4715-8c03-7b625f17cb75,24,RM146.20
NESTUM 3in1 Original (28g x 15) x 24,https://assets.jimatbiz.com/products/prd/a72b4fd5-5b26-4dd6-acc6-59630a9a4914,24,RM268.50
NESTUM 3in1 Original (28g x 8) x 24,https://assets.jimatbiz.com/products/prd/b04f28cb-0502-4b59-b337-dae5898a549b,24,RM146.20
NESTUM All Family Cereal Honey (500g x 12),https://assets.jimatbiz.com/products/prd/bc8504c0-c930-4dd9-a9a3-d309a791416c,12,RM90.00
NESTUM All Family Cereal Original (250g x 24),https://assets.jimatbiz.com/products/prd/268b3d54-4653-4ca6-a397-2bc203f9b864,24,RM94.30
NESTUM All Family Cereal Original (500g x 12),https://assets.jimatbiz.com/products/prd/f9c20d79-03eb-43fb-ac68-9f69b0b48b86,12,RM87.90
Cerelac BL FE Brown Rice -12 x 350g,https://assets.jimatbiz.com/products/prd/97b47895-daf0-4295-be9c-1c67c8b7f00f,12,RM142.38
"Cerelac BL FE Multi Garden Vegetable ""New"" -24 x 250g",https://assets.jimatbiz.com/products/prd/7b63c95d-9d4b-41f8-b314-e83a3fd00ad4,24,RM267.12
"Cerelac BL FE Oats Wheat & Prune ""New""-24 x 250g",https://assets.jimatbiz.com/products/prd/840fe122-543d-4428-9c83-20ebbe9a63bf,24,RM267.12
"Cerelac BL FE Rice Chicken ""New""-24 x 250g",https://assets.jimatbiz.com/products/prd/93d709a7-73d3-4b1d-8b78-38f06caebaf6,24,RM267.12
Cerelac BL FE Rice Milk -12 x 350g,https://assets.jimatbiz.com/products/prd/988be8de-f09f-4f5d-8c57-136464a26672,12,RM142.38
"Cerelac BL FE Rice Mixed Fruits ""New""-24 x 250g",https://assets.jimatbiz.com/products/prd/b4927bce-3ca0-434e-88e5-aa37c8ad95c9,24,RM267.12
"Cerelac BL FE Rice Mixed Vegetables ""New""-24 x 250g",https://assets.jimatbiz.com/products/prd/1455de98-e13c-471c-bbaf-a6b2846cb3ee,24,RM267.12
"Cerelac BL FE Rice Soya ""New""-12 x 350g",https://assets.jimatbiz.com/products/prd/933933ce-3f17-4b6e-a0f8-3368c63da927,12,RM142.38
"Cerelac BL FE Wheat Dates & Honey ""New""-24 x 250g",https://assets.jimatbiz.com/products/prd/d28d1aef-c11e-4c68-a513-0a31839c55ba,24,RM267.12
Cerelac BL FE Wheat Honey -12 x 500g,https://assets.jimatbiz.com/products/prd/c7e9ffef-be12-4a6f-a89c-9c19ad3fce84,12,RM166.32
Cerelac BL FE Wheat Honey -24 x 225g,https://assets.jimatbiz.com/products/prd/d62dff2c-f15f-4f5d-90ff-61f2121fef4a,24,RM190.26
"Cerelac Nutri Banana Orange ""New""-12 x 50g",https://assets.jimatbiz.com/products/prd/a5928898-e8dc-4f18-a9a9-5100b2871174,12,RM100.80
"Cerelac Nutri Banana Strawberry ""New""-12 x 50g",https://assets.jimatbiz.com/products/prd/fa947dc9-3e9e-4607-b54f-3db10084f0f4,12,RM100.80
Cerelac Nutri Broccoli-20 x 25g,https://assets.jimatbiz.com/products/prd/fab96f5c-6c70-43ac-89d4-9f6ff0d9190e,20,RM63.00
Cerelac Nutri Zuchinni-20 x 25g,https://assets.jimatbiz.com/products/prd/488a5a6b-51e4-499b-952a-5d759b289365,20,RM63.00
Cerelac Porridge Chicken-40 x 100g,https://assets.jimatbiz.com/products/prd/54b50085-1945-4b3e-ad20-fc9a91668019,40,RM341.57
Cerelac Porridge Veg-40 x 100g,https://assets.jimatbiz.com/products/prd/f535668d-4fdd-430e-8734-2ec8ee43b73e,40,RM341.57
"Cerelac Rice No Added Sugar ""New""-12 x 500g",https://assets.jimatbiz.com/products/prd/f3c392f4-4426-47c4-a745-4a8320feab15,12,RM166.32
"Cerelac Rice No Added Sugar ""New""-24 x 200g",https://assets.jimatbiz.com/products/prd/33387524-1292-4839-b523-c2004ae0521b,24,RM170.10
"FIT Granola Cranberry Cereal Bag ""New""-14 x 300g",https://assets.jimatbiz.com/products/prd/c1980179-acf5-4802-8289-3fcdf9f93a8e,14,RM195.51
"FIT Granola Honey Cereal Bag N9TF ""New""-14 x 300g",https://assets.jimatbiz.com/products/prd/8f26bfd9-10f1-4a0f-9e8b-6b9eb4f6c996,14,RM195.51
Fitness Choc Cereal Bar Dspl-12 x 16 x 23.5g,https://assets.jimatbiz.com/products/prd/dcf5a560-db4a-42cc-980a-1a321780a503,192,RM359.04
Fitness Red Berries Cereal Bar Dspl -12 x 16 x 23.5g,https://assets.jimatbiz.com/products/prd/70e36a95-f67f-402d-9890-8fa74f306e46,192,RM359.04
Gold Cornflakes Cereal Bar Dspl -6 x 24 x 20g,https://assets.jimatbiz.com/products/prd/64d03873-8346-4d8a-94ab-3b7670fb7b00,144,RM282.74
Gold Cornflakes Granola GTP Cereal -14 x 315g,https://assets.jimatbiz.com/products/prd/10262bf4-e3e1-46fe-9cae-b1643998ef38,14,RM195.51
Koko Krunch Cereal Bar Dspl-6 x 24 x 25g,https://assets.jimatbiz.com/products/prd/8d212dfb-330b-4668-9725-ff24a36cc1ef,144,RM269.28
Koko Krunch Cereal Bar M/P-8 (4 x 25g),https://assets.jimatbiz.com/products/prd/43270fa9-e79a-4cf6-a4f8-19e26952e134,8,RM56.40
Koko Krunch Cereal Bar M/P-8 (6 x 25g),https://assets.jimatbiz.com/products/prd/34070e94-c10a-42a2-bc2d-a865de199c79,8,RM94.25
"Milo Activgo Whole Grain Cereal STP ""New""-24 x 10 x 36g",https://assets.jimatbiz.com/products/prd/24b2b74d-95ff-4fa9-b137-158725080add,24,RM258.00
Milo Cereal Bar Dspl-6 x 24 x 23.5g,https://assets.jimatbiz.com/products/prd/2c9b69e6-a0b4-45f9-b09b-59d196106d6e,144,RM269.28
Milo Cereal Bar M/P-8 (4 x 23.5g),https://assets.jimatbiz.com/products/prd/6b95bb9b-9790-42bc-b5de-a3f7f5447aac,8,RM56.40
NBC Cornflakes-18 x 150g,https://assets.jimatbiz.com/products/prd/877afac4-c8bf-4583-9983-efa8969f0f8f,18,RM85.73
NBC Cornflakes -18 x 275g,https://assets.jimatbiz.com/products/prd/e8039300-8c67-456c-8b3b-c11820bbbea4,18,RM132.83
NBC Cornflakes Econopack-10 x 500g,https://assets.jimatbiz.com/products/prd/1120a3f2-903e-42d1-9426-1d9600bb5629,10,RM106.47
"NBC Fitness Cereal ""New""-18 x 375g",https://assets.jimatbiz.com/products/prd/de5ce11b-9e26-463f-833c-c9c079e27491,18,RM251.37
"NBC Fitness & Fruit Cereal ""New""-18 x 450g",https://assets.jimatbiz.com/products/prd/784aa6aa-e890-4c51-9937-b7c2dfb2c3a7,18,RM247.68
"NBC Fitness Honey & Almond Cereal ""New""-18 x 390g",https://assets.jimatbiz.com/products/prd/ee922c0b-532f-48f8-9f5d-727b754c38e8,18,RM247.68
NBC Gold Cornflakes-14 x 500g,https://assets.jimatbiz.com/products/prd/2602c254-3fa6-4e06-9c47-853dc8d2b3b4,14,RM156.94
NBC Gold Cornflakes-18 x 275g,https://assets.jimatbiz.com/products/prd/cc069e81-3632-48c1-89e9-fc4e9f524a07,18,RM132.68
NBC Honey Stars -18 x 300g,https://assets.jimatbiz.com/products/placeholder.jpeg,18,RM194.22
NBC Koko Krunch -18 x 170g,https://assets.jimatbiz.com/products/prd/a820d954-c6a1-41df-bf10-28d10ef793dd,18,RM121.72
NBC Koko Krunch -18 x 330g,https://assets.jimatbiz.com/products/prd/aca2614c-6a52-4bba-b1ec-17ef292f8457,18,RM185.49
NBC Koko Krunch Cereal Pouch -24 x 80g,https://assets.jimatbiz.com/products/prd/0679c370-dca9-43f7-ac7c-6c6714a0de98,24,RM65.42
NBC Koko Krunch Cereal Pouch -8 x 20 x 30g,https://assets.jimatbiz.com/products/prd/4a457536-6662-4a6d-bc4f-6a7f14c1b657,8,RM134.40
NBC Koko Krunch Cookie-18 x 330g,https://assets.jimatbiz.com/products/prd/e30481e6-6f8c-49cd-a24a-05e09267c864,18,RM185.49
NBC Koko Krunch Cookie Pouch-24 x 80g,https://assets.jimatbiz.com/products/prd/d06fb9dc-5883-4e22-b9a8-0f6ed64c8046,24,RM65.42
NBC Koko Krunch DHA-20 x 220g,https://assets.jimatbiz.com/products/prd/3ca0e020-7ae8-40e9-ad73-b87c04343c40,20,RM216.72
NBC Koko Krunch DHA-30 x 60g,https://assets.jimatbiz.com/products/prd/0296192f-3e34-48d2-a42e-f339006d4a4c,30,RM81.90
NBC Koko Krunch Duo Banana-18 x 330g,https://assets.jimatbiz.com/products/prd/794612cd-5388-4a2a-a1ba-d3294cafad8b,18,RM195.05
NBC Koko Krunch Duo Cereal -18 x 170g,https://assets.jimatbiz.com/products/prd/be161449-b949-48da-a503-0c1a251b3aac,18,RM121.72
NBC Koko Krunch Duo Cereal -18 x 330g,https://assets.jimatbiz.com/products/prd/9e7c9d90-e952-4337-b85a-07a52dec2e05,18,RM185.49
NBC Koko Krunch Econopack-10 x 500g,https://assets.jimatbiz.com/products/prd/6a8928f0-ba01-4881-9f45-fa20cd462d03,10,RM147.74
"NBC Koko Krunch Econopack ""New""-12 x 500g",https://assets.jimatbiz.com/products/prd/33691e38-8d36-47d0-9946-6f567c8c56f1,12,RM184.84
NBC Koko Krunch MAXX -16 x 250g,https://assets.jimatbiz.com/products/prd/6d53e03d-c78a-42ff-bafc-d4026494e88f,16,RM178.88
NBC Koko Krunch Pillows-16 x 250g,https://assets.jimatbiz.com/products/prd/519f6d2b-3443-4da0-9319-13b7d76c48fd,16,RM178.88
NBC Milo Cereal-18 x 170g,https://assets.jimatbiz.com/products/prd/aa0d15c8-3612-4a55-a2b3-b4af37e2bb7d,18,RM121.72
NBC Milo Cereal-18 x 330g,https://assets.jimatbiz.com/products/prd/cc2b067e-2150-4f7c-ac39-cfa98f031c6a,18,RM195.05
NBC Milo Cereal Econopack-10 x 500g,https://assets.jimatbiz.com/products/prd/414b36dd-3cf3-4611-9d48-130f21215f93,10,RM147.74
"NBC Milo Cereal Econopack ""New""-12 x 500g",https://assets.jimatbiz.com/products/prd/3ecccde3-c0f2-437e-b4ba-b2a61f930061,12,RM184.84
NBC Milo Cereal Pouch-24 x 80g,https://assets.jimatbiz.com/products/prd/a9d49900-9bb2-4b19-87fc-a870ad393a97,24,RM65.42
NUTRIGOLD 3 in 1 Cereal Drink- Oat (7's X 30g) x 24,https://assets.jimatbiz.com/products/prd/5d55738c-0d16-4dfa-8ea7-661fd6346c73,24,RM65.48
NUTRIGOLD 3 in 1 Cereal Drink-Original (7's x 28g) x 24,https://assets.jimatbiz.com/products/prd/0a90ef09-8863-44d8-ac76-d6935480652d,24,RM65.48
NUTRIGOLD Honey (1kg x 12),https://assets.jimatbiz.com/products/prd/d2a1463e-08b5-453c-afca-a1e34fe45938,12,RM168.85
NUTRIGOLD Honey (500g x 24),https://assets.jimatbiz.com/products/prd/bbc1b905-e8ad-4145-a3d1-be7e221c1f23,24,RM191.32
NUTRIGOLD Instant Oatmeal Jar (500g x 24),https://assets.jimatbiz.com/products/prd/a603dfc8-48a8-4b92-bc1e-70a860eb0b28,24,RM179.76
NUTRIGOLD Quick Cook Oatmeal Bag (500g x 24),https://assets.jimatbiz.com/products/prd/236b1e45-966f-49e0-839e-0b3bb0f7dbf6,24,RM134.82
HONEYGROW Madu Stik (480gm x 12) x 12,https://assets.jimatbiz.com/products/prd/5cc576cf-0f0c-48a9-84a6-c83996927996,144,RM604.80
PERTIMA Seri Kaya (500g x 24),https://assets.jimatbiz.com/products/prd/e6be6e91-bff9-4262-8d3d-7b002bb0f40e,24,RM168.96
TALFER Apple Jam (300g x 24),https://assets.jimatbiz.com/products/prd/02cedeab-ab1b-40ce-b6ab-c59d7a5df65a,24,RM216.00
TALFER Apricot Jam (300g x 24),https://assets.jimatbiz.com/products/prd/5f3c2924-c419-4209-ba50-3a037ec58f46,24,RM216.00
TALFER Carrot Jam (300g x 24),https://assets.jimatbiz.com/products/prd/2bd0747b-45d7-41a7-b7a1-49bc47b69912,24,RM216.00
TALFER Cherry Jam (300g x 24),https://assets.jimatbiz.com/products/prd/27fc2cc8-4a0c-4982-add3-7800a55666c1,24,RM216.00
TALFER Fig Jam (300g x 24),https://assets.jimatbiz.com/products/prd/ebfa44b0-0738-409d-9f3d-dde4e697e2da,24,RM216.00
TALFER Natural Honey (300g x 24),https://assets.jimatbiz.com/products/prd/093660a4-75c0-4753-9e14-37711eefa009,24,RM384.00
TALFER Peach Jam (300g x 24),https://assets.jimatbiz.com/products/prd/2a59d358-1ee5-4631-8b54-b25d2acf13b4,24,RM216.00
TALFER Raspberry Jam (300g x 24),https://assets.jimatbiz.com/products/prd/259a404f-8532-4ba1-8631-5ec6509d497c,24,RM216.00
TALFER Strawberry Jam (300g x 24),https://assets.jimatbiz.com/products/prd/047e3562-f83d-4cc6-be55-cc07286f9644,24,RM216.00
Talfer Apple Jam (300g x 24),https://assets.jimatbiz.com/products/prd/6413bb19-d86d-4d4b-affa-eb8ad4efb146,24,RM423.60
Talfer Apricot Jam (300g x 24),https://assets.jimatbiz.com/products/prd/afc15e95-85ae-4f9b-8e81-f6c3c9cccb2d,24,RM423.60
Talfer Black Raspberry Jam (300g x 24),https://assets.jimatbiz.com/products/prd/82b3ff58-b555-468a-aafb-f147f37d48f2,24,RM423.60
Talfer Carrot Jam (300g x 24),https://assets.jimatbiz.com/products/prd/0aabc0fa-4c1e-4335-b2d1-bbc42959c594,24,RM423.60
Talfer Fig Jam (300g x 24),https://assets.jimatbiz.com/products/prd/c447ad0c-47ef-4889-a83a-139bddbcc6ec,24,RM423.60
Talfer Peach Jam (300g x 24),https://assets.jimatbiz.com/products/prd/82760ead-4777-4b7e-8d07-689cd8292f58,24,RM423.60
Talfer Sour Cerry Jam (300g x 24),https://assets.jimatbiz.com/products/prd/3baa2a82-8bb8-48b8-8b71-4a955a592dbb,24,RM423.60
Talfer Strawberry Jam (300g x 24),https://assets.jimatbiz.com/products/prd/1634985b-18c5-48da-876b-73ad6812d609,24,RM423.60
WALFAMILY Honey (375g x 24),https://assets.jimatbiz.com/products/prd/a7b96d83-ac54-4a41-a524-84922b3dffbd,24,RM144.00
WALFAMILY Honey Stick (7g x 100),https://assets.jimatbiz.com/products/prd/6f2746a3-2ee7-4a9f-a444-439cb79862a2,100,RM70.00
YUSUF TAIYOOB Alsafia Acacia Honey (250g x 24),https://assets.jimatbiz.com/products/prd/47b808a1-1836-48f9-ba04-554950e6c28c,24,RM313.50
YUSUF TAIYOOB Alsafia Natural Honey (1kg x 6),https://assets.jimatbiz.com/products/prd/0636532e-cf72-4081-a22d-74c23cc686ed,6,RM203.50
YUSUF TAIYOOB Alsafia Natural Honey (3kg x 4),https://assets.jimatbiz.com/products/prd/8e74ab95-8cf6-4065-89b1-1bc8f492e27d,4,RM368.50
